,Bias Line,LO,Bias Point
5,11.0,4250,8.113100096
8,10.0,4250,6.228800048000001
12,9.0,4250,6.095399963999999
0,8.0,4750,8.114600096
2,7.0,4750,7.984699952000001
6,9.0,4750,6.095
13,11.0,4750,
7,12.0,5250,8.174400023999999
9,7.0,5250,
11,9.0,5250,6.012199952000001
3,8.0,5750,8.114
10,11.0,5750,8.194599976000003
4,8.0,6250,8.126399963999999
1,12.0,6750,7.927199892
