,Bias Line,LO,Bias Point
5,11,4250,8.113100096
8,10,4250,6.228800048
12,9,4250,6.095399964
0,8,4750,8.114600096
2,7,4750,7.984699952
6,9,4750,6.095
13,11,4750,
7,12,5250,8.174400024
9,7,5250,
11,9,5250,6.012199952
3,8,5750,8.114
10,11,5750,8.194599976
4,8,6250,8.126399964
1,12,6750,7.927199892
